image_id,prediction1,prediction2,prediction3,prediction4,prediction5
ID_6NEDKOYZ,t_id_tjWepji1,t_id_VP2NW7aV,t_id_9GFmcOd5,t_id_uJXT7dGu,t_id_DPYQnZyv
ID_57QZ4S9N,t_id_15bo4NKD,t_id_n2FBHk6d,t_id_utw0thCe,t_id_Kf73l69A,t_id_G5JLzvai
ID_OCGGJS5X,t_id_YjXYTCGC,t_id_ROFhVsy2,t_id_JI6ba2Yx,t_id_2E8o5Jtl,t_id_D3kHUEgp
ID_R2993S3S,t_id_VP2NW7aV,t_id_Ts5LyVQz,t_id_8b8sprYe,t_id_HxxqrdTx,t_id_fjHGjp1w
ID_2E011NB0,t_id_dVQ4x3wz,t_id_MwnEYfqe,t_id_2E8o5Jtl,t_id_ksTLswDT,t_id_JI6ba2Yx
ID_LV4R0TA1,t_id_WDCMGvI4,t_id_niEvmwXu,t_id_D7NA71la,t_id_KysHzQQK,t_id_B7LaSiac
ID_JW9471VU,t_id_BI99coHt,t_id_ZfvZBX4Q,t_id_dc6pjonY,t_id_1KIezxkh,t_id_UVQa4BMz
ID_DWSI12WK,t_id_BXWccqAn,t_id_D3kHUEgp,t_id_Lhp87PBX,t_id_4XiPKIk7,t_id_87CLFCvE
ID_OY5D7O3A,t_id_hRzOoJ2t,t_id_qZ0iZYsC,t_id_VP2NW7aV,t_id_AOWArhGb,t_id_QqeoI5F3
ID_UU3VOOGU,t_id_dVQ4x3wz,t_id_D0gA44av,t_id_JI6ba2Yx,t_id_BI99coHt,t_id_MwnEYfqe
ID_ER4013V8,t_id_IlO9BOKc,t_id_KysHzQQK,t_id_WDCMGvI4,t_id_ifWwxWF4,t_id_3b65X5Lw
ID_2FKXUZ69,t_id_gJaKYxBQ,t_id_AMnriNb5,t_id_Kc1tXDbJ,t_id_YjXYTCGC,t_id_tjWepji1
ID_DFT8JWF0,t_id_8b8sprYe,t_id_72SiiZCp,t_id_HxxqrdTx,t_id_SwQZGIpa,t_id_2QmcRkNj
ID_8XLIWU92,t_id_15bo4NKD,t_id_G5JLzvai,t_id_DPYQnZyv,t_id_n2FBHk6d,t_id_G5eoqwD8
ID_1LQK0T1J,t_id_utw0thCe,t_id_ROFhVsy2,t_id_Ts5LyVQz,t_id_stWei2Uq,t_id_Kc1tXDbJ
ID_I2DNSE33,t_id_VP2NW7aV,t_id_qZ0iZYsC,t_id_fjHGjp1w,t_id_MwnEYfqe,t_id_fxTQ5vHC
ID_KZV20GRG,t_id_UVQa4BMz,t_id_e9i3Lbq4,t_id_9GFmcOd5,t_id_D3kHUEgp,t_id_fjHGjp1w
ID_EDTGD7SN,t_id_IlO9BOKc,t_id_4ZfTUmwL,t_id_uJXT7dGu,t_id_FBsGDJhU,t_id_uIlC9Gfo
ID_PGE9AHWT,t_id_iD9ikw6Y,t_id_Kc1tXDbJ,t_id_VFb44eFm,t_id_7gFFZy7i,t_id_Lhp87PBX
ID_5YQZKK83,t_id_dVQ4x3wz,t_id_hRzOoJ2t,t_id_FBsGDJhU,t_id_WXXcPTSW,t_id_IlO9BOKc
ID_ZAXA338I,t_id_bYageLYA,t_id_AMnriNb5,t_id_ROFhVsy2,t_id_3K93fQBS,t_id_DPYQnZyv
ID_A9QSMNCB,t_id_VP2NW7aV,t_id_HxxqrdTx,t_id_8b8sprYe,t_id_Kf73l69A,t_id_72SiiZCp
ID_DNFEDWJO,t_id_dVQ4x3wz,t_id_gz3whk0q,t_id_G5eoqwD8,t_id_BI99coHt,t_id_hRzOoJ2t
ID_E335274F,t_id_dVQ4x3wz,t_id_ksTLswDT,t_id_15bo4NKD,t_id_ZfvZBX4Q,t_id_YjXYTCGC
ID_POM778KF,t_id_YjXYTCGC,t_id_D0gA44av,t_id_uJXT7dGu,t_id_hRzOoJ2t,t_id_ROFhVsy2
ID_TNT0HEPM,t_id_dVQ4x3wz,t_id_15bo4NKD,t_id_Ts5LyVQz,t_id_ksTLswDT,t_id_MwnEYfqe
ID_R84YGVZ8,t_id_GrxmyS59,t_id_UVQa4BMz,t_id_AOWArhGb,t_id_ZfvZBX4Q,t_id_n2FBHk6d
ID_PCA5MBU3,t_id_HxxqrdTx,t_id_X3bKBWYW,t_id_2QmcRkNj,t_id_8b8sprYe,t_id_72SiiZCp
ID_6BNKK0QV,t_id_2E8o5Jtl,t_id_BXWccqAn,t_id_stWei2Uq,t_id_mpuNp8mf,t_id_ifWwxWF4
ID_F70ZLOJP,t_id_KysHzQQK,t_id_3b65X5Lw,t_id_WDCMGvI4,t_id_2Yn71r7R,t_id_ZfvZBX4Q
ID_JLCRBVZB,t_id_VP2NW7aV,t_id_3fKmnkBS,t_id_DPYQnZyv,t_id_7gFFZy7i,t_id_utw0thCe
ID_70BAQ7Q7,t_id_8b8sprYe,t_id_a4VYrmyA,t_id_15bo4NKD,t_id_QqeoI5F3,t_id_AOWArhGb
ID_YQ6XLN87,t_id_uVgs53Cz,t_id_Imm5pnNf,t_id_4XiPKIk7,t_id_hibDzPAP,t_id_ksTLswDT
ID_TPRG35AV,t_id_ROFhVsy2,t_id_ksTLswDT,t_id_g9Fz8PH7,t_id_gJaKYxBQ,t_id_uMOOrQu7
ID_6FG6PCS3,t_id_8b8sprYe,t_id_72SiiZCp,t_id_Kc1tXDbJ,t_id_B7LaSiac,t_id_HxxqrdTx
ID_JXT3875D,t_id_JI6ba2Yx,t_id_dVQ4x3wz,t_id_Kc1tXDbJ,t_id_MwnEYfqe,t_id_0g31STvR
ID_YM4FBTHN,t_id_m2JvEcsg,t_id_ROFhVsy2,t_id_IlO9BOKc,t_id_3K93fQBS,t_id_Kf73l69A
ID_7AYUMYHD,t_id_pCO59rOk,t_id_DbmclTcj,t_id_4ZfTUmwL,t_id_uJXT7dGu,t_id_iZQiE7wb
ID_PWNW1EGT,t_id_2E8o5Jtl,t_id_hRzOoJ2t,t_id_IP3xtKuX,t_id_tjWepji1,t_id_Kc1tXDbJ
ID_XRHUU7NR,t_id_uVgs53Cz,t_id_D3kHUEgp,t_id_smNwfXAT,t_id_4XiPKIk7,t_id_fjHGjp1w
ID_59H0WYEZ,t_id_D0gA44av,t_id_AMnriNb5,t_id_ROFhVsy2,t_id_uJXT7dGu,t_id_pCO59rOk
ID_O8W40A6X,t_id_HxxqrdTx,t_id_X3bKBWYW,t_id_8b8sprYe,t_id_72SiiZCp,t_id_2QmcRkNj
ID_1G4JY42O,t_id_DPYQnZyv,t_id_ZfvZBX4Q,t_id_UVQa4BMz,t_id_15bo4NKD,t_id_fxTQ5vHC
ID_KB0UJOVR,t_id_ROFhVsy2,t_id_UVQa4BMz,t_id_ksTLswDT,t_id_Kf73l69A,t_id_n2FBHk6d
ID_1N91MKYS,t_id_tjWepji1,t_id_ifWwxWF4,t_id_qZ0iZYsC,t_id_VP2NW7aV,t_id_MwnEYfqe
ID_7T2Q2CFV,t_id_QqeoI5F3,t_id_iZQiE7wb,t_id_qZ0iZYsC,t_id_IlO9BOKc,t_id_VFb44eFm
ID_07VVCQWI,t_id_dVQ4x3wz,t_id_G5eoqwD8,t_id_ROFhVsy2,t_id_a4VYrmyA,t_id_15bo4NKD
ID_WDVXF8PS,t_id_Dv4O8bOM,t_id_n2FBHk6d,t_id_uIlC9Gfo,t_id_87CLFCvE,t_id_Imm5pnNf
ID_SYYRQBNC,t_id_hRzOoJ2t,t_id_DPYQnZyv,t_id_dVQ4x3wz,t_id_IP3xtKuX,t_id_0g31STvR
ID_TVJPM0F8,t_id_mXD9Bjsb,t_id_DbmclTcj,t_id_p77GDtzg,t_id_iZQiE7wb,t_id_stWei2Uq
ID_LJJ3ZB6D,t_id_ROFhVsy2,t_id_ksTLswDT,t_id_YjXYTCGC,t_id_15bo4NKD,t_id_3K93fQBS
ID_3YEOLJQN,t_id_ip3jsrYo,t_id_EEbWq5Pj,t_id_stWei2Uq,t_id_2E8o5Jtl,t_id_15bo4NKD
ID_JUQM4S99,t_id_EEbWq5Pj,t_id_C0wevyOl,t_id_X3bKBWYW,t_id_m2JvEcsg,t_id_SwQZGIpa
ID_U0VQ0M7X,t_id_DbmclTcj,t_id_IlO9BOKc,t_id_ifWwxWF4,t_id_fxTQ5vHC,t_id_WXXcPTSW
ID_7H6WISFK,t_id_VP2NW7aV,t_id_e9i3Lbq4,t_id_Kf73l69A,t_id_HxxqrdTx,t_id_n2FBHk6d
ID_MQ8PXZ10,t_id_dVQ4x3wz,t_id_D0gA44av,t_id_YjXYTCGC,t_id_pCO59rOk,t_id_JI6ba2Yx
ID_MD5OFAOI,t_id_GrxmyS59,t_id_smNwfXAT,t_id_ZfvZBX4Q,t_id_stWei2Uq,t_id_FBsGDJhU
ID_CLV43HLB,t_id_G5eoqwD8,t_id_JI6ba2Yx,t_id_2Yn71r7R,t_id_8b8sprYe,t_id_dVQ4x3wz
ID_J2NJZTGT,t_id_Ts5LyVQz,t_id_0g31STvR,t_id_fxTQ5vHC,t_id_YjXYTCGC,t_id_1KIezxkh
ID_JE1YIJ1M,t_id_hRzOoJ2t,t_id_C0wevyOl,t_id_utw0thCe,t_id_IlO9BOKc,t_id_SwQZGIpa
ID_1LOS5KNC,t_id_dVQ4x3wz,t_id_D0gA44av,t_id_MwnEYfqe,t_id_a4VYrmyA,t_id_JI6ba2Yx
ID_IEQSJSCE,t_id_IP1t15lD,t_id_DbmclTcj,t_id_dhdJMT1K,t_id_NW7wn8TC,t_id_tjWepji1
ID_TRBTTCRA,t_id_ROFhVsy2,t_id_Kf73l69A,t_id_uJXT7dGu,t_id_Kc1tXDbJ,t_id_utw0thCe
ID_2MNF8AWS,t_id_uJXT7dGu,t_id_9GFmcOd5,t_id_pCO59rOk,t_id_HxxqrdTx,t_id_72SiiZCp
ID_BF3C797F,t_id_DPYQnZyv,t_id_mpuNp8mf,t_id_2E8o5Jtl,t_id_iZQiE7wb,t_id_hRzOoJ2t
ID_Z3RK56NE,t_id_YjXYTCGC,t_id_15bo4NKD,t_id_a4VYrmyA,t_id_D0gA44av,t_id_0g31STvR
ID_69WTSVR2,t_id_gJaKYxBQ,t_id_ZfvZBX4Q,t_id_OqU1NWEA,t_id_smNwfXAT,t_id_3fKmnkBS
ID_R4IGBP2X,t_id_WXXcPTSW,t_id_uIlC9Gfo,t_id_DPYQnZyv,t_id_KysHzQQK,t_id_D7NA71la
ID_OP9YV1XW,t_id_Kf73l69A,t_id_ROFhVsy2,t_id_8b8sprYe,t_id_fjHGjp1w,t_id_AOWArhGb
ID_TXOTG6VB,t_id_tjWepji1,t_id_0g31STvR,t_id_MwnEYfqe,t_id_ROFhVsy2,t_id_YjXYTCGC
ID_1S4YR123,t_id_IlO9BOKc,t_id_EEbWq5Pj,t_id_ZfvZBX4Q,t_id_FBsGDJhU,t_id_niEvmwXu
ID_WHHDN7KG,t_id_2QmcRkNj,t_id_8b8sprYe,t_id_9GFmcOd5,t_id_QqeoI5F3,t_id_AMnriNb5
ID_Q3WLZRJO,t_id_15bo4NKD,t_id_G5eoqwD8,t_id_3b65X5Lw,t_id_B7LaSiac,t_id_bYageLYA
ID_ECAZSLZ5,t_id_SwQZGIpa,t_id_VP2NW7aV,t_id_AOWArhGb,t_id_a4VYrmyA,t_id_9GFmcOd5
ID_ZZJTYG67,t_id_D3kHUEgp,t_id_Kf73l69A,t_id_G5JLzvai,t_id_smNwfXAT,t_id_Dv4O8bOM
ID_AQEGFYKQ,t_id_JI6ba2Yx,t_id_mXD9Bjsb,t_id_X3bKBWYW,t_id_dVQ4x3wz,t_id_pCO59rOk
ID_E77IKRYE,t_id_Lhp87PBX,t_id_87CLFCvE,t_id_D3kHUEgp,t_id_4XiPKIk7,t_id_Imm5pnNf
ID_UIOY0Q9L,t_id_ROFhVsy2,t_id_m2JvEcsg,t_id_EEbWq5Pj,t_id_bYageLYA,t_id_KysHzQQK
ID_CQNTOPH8,t_id_VP2NW7aV,t_id_fxTQ5vHC,t_id_tjWepji1,t_id_0g31STvR,t_id_hRzOoJ2t
ID_2LOWXFMR,t_id_IP3xtKuX,t_id_DPYQnZyv,t_id_2E8o5Jtl,t_id_FBsGDJhU,t_id_dVQ4x3wz
ID_EBN0UE7O,t_id_72SiiZCp,t_id_DPYQnZyv,t_id_QqeoI5F3,t_id_BI99coHt,t_id_3b65X5Lw
ID_XXZ7822H,t_id_fxTQ5vHC,t_id_IlO9BOKc,t_id_15bo4NKD,t_id_m2JvEcsg,t_id_0g31STvR
ID_ED8LZUND,t_id_GrxmyS59,t_id_YjXYTCGC,t_id_UVQa4BMz,t_id_m2JvEcsg,t_id_HxxqrdTx
ID_03QDH152,t_id_X3bKBWYW,t_id_8b8sprYe,t_id_72SiiZCp,t_id_dVQ4x3wz,t_id_HxxqrdTx
ID_IUJZ657I,t_id_2QmcRkNj,t_id_gz3whk0q,t_id_3fKmnkBS,t_id_k1rScFLB,t_id_e9i3Lbq4
ID_3MQPB5R9,t_id_dVQ4x3wz,t_id_MwnEYfqe,t_id_D0gA44av,t_id_hRzOoJ2t,t_id_2E8o5Jtl
ID_9LS0DBCE,t_id_0DPPpRUz,t_id_G5eoqwD8,t_id_BI99coHt,t_id_dVQ4x3wz,t_id_3b65X5Lw
ID_MQI0I6MT,t_id_m2JvEcsg,t_id_ZfvZBX4Q,t_id_WDCMGvI4,t_id_SwQZGIpa,t_id_EEbWq5Pj
ID_DPV31WY2,t_id_Ts5LyVQz,t_id_tjWepji1,t_id_hRzOoJ2t,t_id_BI99coHt,t_id_DPYQnZyv
ID_AU7400LF,t_id_GrxmyS59,t_id_ZfvZBX4Q,t_id_m2JvEcsg,t_id_UVQa4BMz,t_id_GOIvCduN
ID_3D8ZVORJ,t_id_ZfvZBX4Q,t_id_15bo4NKD,t_id_D7NA71la,t_id_EEbWq5Pj,t_id_ROFhVsy2
ID_6MKCKGLE,t_id_ksTLswDT,t_id_BI99coHt,t_id_15bo4NKD,t_id_a4VYrmyA,t_id_dVQ4x3wz
ID_7S307EF8,t_id_Kf73l69A,t_id_8b8sprYe,t_id_72SiiZCp,t_id_pCO59rOk,t_id_dVQ4x3wz
ID_6731TA2L,t_id_DPYQnZyv,t_id_uJXT7dGu,t_id_8b8sprYe,t_id_0g31STvR,t_id_Kf73l69A
ID_BK4Z3U4W,t_id_JI6ba2Yx,t_id_a4VYrmyA,t_id_YjXYTCGC,t_id_MwnEYfqe,t_id_Kc1tXDbJ
ID_LBMSVMTD,t_id_uIlC9Gfo,t_id_7gFFZy7i,t_id_HcnnlRda,t_id_ROFhVsy2,t_id_3b65X5Lw
ID_60Q60FPW,t_id_uJXT7dGu,t_id_dVQ4x3wz,t_id_pCO59rOk,t_id_YjXYTCGC,t_id_IP3xtKuX
ID_HXVSR8OT,t_id_GrxmyS59,t_id_n2FBHk6d,t_id_fxTQ5vHC,t_id_UVQa4BMz,t_id_hRzOoJ2t
ID_0Q97L1NV,t_id_gJaKYxBQ,t_id_dVQ4x3wz,t_id_2E8o5Jtl,t_id_MwnEYfqe,t_id_G5eoqwD8
ID_43SK0N3V,t_id_D3kHUEgp,t_id_hibDzPAP,t_id_uVgs53Cz,t_id_4XiPKIk7,t_id_Lhp87PBX
ID_BDSOU5RW,t_id_HcnnlRda,t_id_iZQiE7wb,t_id_X3bKBWYW,t_id_Kc1tXDbJ,t_id_JI6ba2Yx
ID_34PXKPQ9,t_id_15bo4NKD,t_id_3K93fQBS,t_id_G5JLzvai,t_id_2Yn71r7R,t_id_ZfvZBX4Q
ID_O9KLA9M3,t_id_hRzOoJ2t,t_id_tjWepji1,t_id_fxTQ5vHC,t_id_9GFmcOd5,t_id_DbmclTcj
ID_X35OCXTO,t_id_D7NA71la,t_id_stWei2Uq,t_id_WXXcPTSW,t_id_iD9ikw6Y,t_id_n2FBHk6d
ID_YZV0T1I0,t_id_hibDzPAP,t_id_uVgs53Cz,t_id_D3kHUEgp,t_id_Dv4O8bOM,t_id_4XiPKIk7
ID_6VO71805,t_id_hRzOoJ2t,t_id_mpuNp8mf,t_id_tjWepji1,t_id_uIlC9Gfo,t_id_e9i3Lbq4
ID_PKOVEZRO,t_id_fjHGjp1w,t_id_n2FBHk6d,t_id_Kf73l69A,t_id_AOWArhGb,t_id_C0wevyOl
ID_P41D999E,t_id_JI6ba2Yx,t_id_ROFhVsy2,t_id_dVQ4x3wz,t_id_g9Fz8PH7,t_id_15bo4NKD
ID_1JI7MDME,t_id_3b65X5Lw,t_id_EEbWq5Pj,t_id_hRzOoJ2t,t_id_uMOOrQu7,t_id_ip3jsrYo
ID_KS89E8MG,t_id_JI6ba2Yx,t_id_gJaKYxBQ,t_id_Ts5LyVQz,t_id_3fKmnkBS,t_id_dc6pjonY
ID_6Y3YAPDT,t_id_0g31STvR,t_id_uJXT7dGu,t_id_SwQZGIpa,t_id_NW7wn8TC,t_id_QqeoI5F3
ID_VDCUI14B,t_id_stWei2Uq,t_id_G5eoqwD8,t_id_8b8sprYe,t_id_n2FBHk6d,t_id_iD9ikw6Y
ID_OUHC22DL,t_id_3K93fQBS,t_id_Kf73l69A,t_id_SwQZGIpa,t_id_utw0thCe,t_id_uJXT7dGu
ID_SLC558NJ,t_id_0g31STvR,t_id_hRzOoJ2t,t_id_2E8o5Jtl,t_id_IP3xtKuX,t_id_a4VYrmyA
ID_J5Q6E458,t_id_BI99coHt,t_id_dVQ4x3wz,t_id_ksTLswDT,t_id_0DPPpRUz,t_id_15bo4NKD
ID_5TKXIICG,t_id_n2FBHk6d,t_id_J24awAHQ,t_id_ROFhVsy2,t_id_1KIezxkh,t_id_e9i3Lbq4
ID_7Z0LH1RQ,t_id_D3kHUEgp,t_id_hibDzPAP,t_id_Lhp87PBX,t_id_Imm5pnNf,t_id_Dv4O8bOM
ID_KRIKA89O,t_id_dVQ4x3wz,t_id_MwnEYfqe,t_id_JI6ba2Yx,t_id_YjXYTCGC,t_id_8b8sprYe
ID_NFYTIW33,t_id_bYageLYA,t_id_3b65X5Lw,t_id_DbmclTcj,t_id_BXWccqAn,t_id_gJaKYxBQ
ID_3B8CIJ31,t_id_ksTLswDT,t_id_Ts5LyVQz,t_id_hRzOoJ2t,t_id_stWei2Uq,t_id_BI99coHt
ID_ONBMT5SM,t_id_p77GDtzg,t_id_AMnriNb5,t_id_gJaKYxBQ,t_id_mpuNp8mf,t_id_GOIvCduN
ID_P3CD6Y5U,t_id_smNwfXAT,t_id_87CLFCvE,t_id_FBsGDJhU,t_id_uVgs53Cz,t_id_Imm5pnNf
ID_LKJJRHN8,t_id_uJXT7dGu,t_id_IlO9BOKc,t_id_pCO59rOk,t_id_15bo4NKD,t_id_ZfvZBX4Q
ID_W7VTWSIS,t_id_UVQa4BMz,t_id_SwQZGIpa,t_id_qZ0iZYsC,t_id_fjHGjp1w,t_id_1KIezxkh
ID_HAH2WTBF,t_id_YjXYTCGC,t_id_MwnEYfqe,t_id_hRzOoJ2t,t_id_fxTQ5vHC,t_id_IP3xtKuX
ID_5LCBZAP2,t_id_ROFhVsy2,t_id_Ts5LyVQz,t_id_15bo4NKD,t_id_UVQa4BMz,t_id_AOWArhGb
ID_SAYZJS64,t_id_9GFmcOd5,t_id_bYageLYA,t_id_3b65X5Lw,t_id_KysHzQQK,t_id_dVQ4x3wz
ID_H4OKDWEM,t_id_a4VYrmyA,t_id_8b8sprYe,t_id_stWei2Uq,t_id_uIlC9Gfo,t_id_dVQ4x3wz
ID_E0N2IYTD,t_id_Kf73l69A,t_id_15bo4NKD,t_id_ROFhVsy2,t_id_1KIezxkh,t_id_G5JLzvai
ID_ET46814P,t_id_IP3xtKuX,t_id_hRzOoJ2t,t_id_mpuNp8mf,t_id_uJXT7dGu,t_id_0g31STvR
ID_76HLVBIK,t_id_hRzOoJ2t,t_id_9GFmcOd5,t_id_ifWwxWF4,t_id_n2FBHk6d,t_id_tjWepji1
ID_9LT6O99U,t_id_VP2NW7aV,t_id_AOWArhGb,t_id_MwnEYfqe,t_id_dVQ4x3wz,t_id_DPYQnZyv
ID_5QHIQAT0,t_id_IlO9BOKc,t_id_niEvmwXu,t_id_dVQ4x3wz,t_id_8b8sprYe,t_id_3K93fQBS
ID_ZVLZRL7E,t_id_g9Fz8PH7,t_id_JI6ba2Yx,t_id_ROFhVsy2,t_id_MwnEYfqe,t_id_YjXYTCGC
ID_L7CRQKVL,t_id_GrxmyS59,t_id_UVQa4BMz,t_id_m2JvEcsg,t_id_ZfvZBX4Q,t_id_hibDzPAP
ID_XSU34ZXA,t_id_J5dngbNA,t_id_Lhp87PBX,t_id_72SiiZCp,t_id_0g31STvR,t_id_Kc1tXDbJ
ID_BX0E6402,t_id_uJXT7dGu,t_id_dVQ4x3wz,t_id_pCO59rOk,t_id_a4VYrmyA,t_id_0g31STvR
ID_IQOM2BPB,t_id_VP2NW7aV,t_id_HxxqrdTx,t_id_72SiiZCp,t_id_0DPPpRUz,t_id_DPYQnZyv
ID_4JVJMKX5,t_id_FBsGDJhU,t_id_GrxmyS59,t_id_4ZfTUmwL,t_id_n2FBHk6d,t_id_utw0thCe
ID_JX25R2TF,t_id_D0gA44av,t_id_ksTLswDT,t_id_g9Fz8PH7,t_id_2E8o5Jtl,t_id_BI99coHt
ID_UBX5CERO,t_id_G5eoqwD8,t_id_p77GDtzg,t_id_7gFFZy7i,t_id_3fKmnkBS,t_id_DbmclTcj
ID_2W5UFKKG,t_id_MwnEYfqe,t_id_iZQiE7wb,t_id_dVQ4x3wz,t_id_2Yn71r7R,t_id_qZ0iZYsC
ID_95ZK4TOR,t_id_Kf73l69A,t_id_fjHGjp1w,t_id_AOWArhGb,t_id_gGQbn7FA,t_id_C0wevyOl
ID_JJUQZWQD,t_id_k1rScFLB,t_id_Kf73l69A,t_id_fjHGjp1w,t_id_9GFmcOd5,t_id_8b8sprYe
ID_2WPSSNRF,t_id_0g31STvR,t_id_MwnEYfqe,t_id_72SiiZCp,t_id_uJXT7dGu,t_id_VP2NW7aV
ID_2NQ6H59F,t_id_GrxmyS59,t_id_stWei2Uq,t_id_m2JvEcsg,t_id_IlO9BOKc,t_id_C0wevyOl
ID_0D2ZIRZK,t_id_Ts5LyVQz,t_id_3fKmnkBS,t_id_QqeoI5F3,t_id_k1rScFLB,t_id_HcnnlRda
ID_GII53GFH,t_id_dVQ4x3wz,t_id_G5eoqwD8,t_id_0DPPpRUz,t_id_utw0thCe,t_id_DPYQnZyv
ID_8LG12HUL,t_id_DbmclTcj,t_id_ip3jsrYo,t_id_WDCMGvI4,t_id_D0gA44av,t_id_dVQ4x3wz
ID_232WF17X,t_id_YjXYTCGC,t_id_gJaKYxBQ,t_id_ROFhVsy2,t_id_IP1t15lD,t_id_iD9ikw6Y
ID_EAGUSOYA,t_id_ROFhVsy2,t_id_hRzOoJ2t,t_id_Ts5LyVQz,t_id_n2FBHk6d,t_id_15bo4NKD
ID_NV5KNPOG,t_id_hRzOoJ2t,t_id_BI99coHt,t_id_Ts5LyVQz,t_id_dVQ4x3wz,t_id_ksTLswDT
ID_IZ3T4U6W,t_id_dhdJMT1K,t_id_G5eoqwD8,t_id_JI6ba2Yx,t_id_YjXYTCGC,t_id_dVQ4x3wz
ID_H940S0PQ,t_id_IP3xtKuX,t_id_4ZfTUmwL,t_id_D0gA44av,t_id_pCO59rOk,t_id_FBsGDJhU
ID_ZLV0U44C,t_id_0g31STvR,t_id_MwnEYfqe,t_id_ksTLswDT,t_id_g9Fz8PH7,t_id_dc6pjonY
ID_XBG824PF,t_id_WXXcPTSW,t_id_DPYQnZyv,t_id_B7LaSiac,t_id_G5eoqwD8,t_id_BI99coHt
ID_2ZH1J2T1,t_id_VP2NW7aV,t_id_C0wevyOl,t_id_e9i3Lbq4,t_id_uIlC9Gfo,t_id_tjWepji1
ID_EJ3EPYNB,t_id_72SiiZCp,t_id_VP2NW7aV,t_id_X3bKBWYW,t_id_HxxqrdTx,t_id_Kc1tXDbJ
ID_B2F3RTAU,t_id_WDCMGvI4,t_id_HcnnlRda,t_id_X3bKBWYW,t_id_bYageLYA,t_id_gz3whk0q
ID_R1QYNPSF,t_id_ROFhVsy2,t_id_3b65X5Lw,t_id_3K93fQBS,t_id_C0wevyOl,t_id_9GFmcOd5
ID_UGMY8HBJ,t_id_dVQ4x3wz,t_id_15bo4NKD,t_id_D0gA44av,t_id_2E8o5Jtl,t_id_pCO59rOk
ID_5SS66VD7,t_id_AOWArhGb,t_id_8b8sprYe,t_id_HxxqrdTx,t_id_3fKmnkBS,t_id_X3bKBWYW
ID_YQKUGDZF,t_id_JI6ba2Yx,t_id_D0gA44av,t_id_dVQ4x3wz,t_id_MwnEYfqe,t_id_dc6pjonY
ID_QWKPHAXV,t_id_HxxqrdTx,t_id_tjWepji1,t_id_VP2NW7aV,t_id_0g31STvR,t_id_qZ0iZYsC
ID_XHR1MKHU,t_id_IlO9BOKc,t_id_BI99coHt,t_id_utw0thCe,t_id_3K93fQBS,t_id_NW7wn8TC
ID_VNUNAGBZ,t_id_ROFhVsy2,t_id_uJXT7dGu,t_id_YjXYTCGC,t_id_VP2NW7aV,t_id_72SiiZCp
ID_DP8OP0DG,t_id_hRzOoJ2t,t_id_DPYQnZyv,t_id_Ts5LyVQz,t_id_VP2NW7aV,t_id_HcnnlRda
ID_91E1O0FJ,t_id_G5eoqwD8,t_id_stWei2Uq,t_id_BI99coHt,t_id_WXXcPTSW,t_id_B7LaSiac
ID_2AOQKU8N,t_id_15bo4NKD,t_id_Ts5LyVQz,t_id_ZfvZBX4Q,t_id_2E8o5Jtl,t_id_BI99coHt
ID_119JE2KG,t_id_dVQ4x3wz,t_id_uJXT7dGu,t_id_0g31STvR,t_id_pCO59rOk,t_id_MwnEYfqe
ID_94JYBDWA,t_id_Kf73l69A,t_id_SwQZGIpa,t_id_C0wevyOl,t_id_D7NA71la,t_id_AMnriNb5
ID_BD4EG531,t_id_D3kHUEgp,t_id_hibDzPAP,t_id_4XiPKIk7,t_id_Lhp87PBX,t_id_smNwfXAT
ID_WWLQIA9N,t_id_m2JvEcsg,t_id_tjWepji1,t_id_IlO9BOKc,t_id_9GFmcOd5,t_id_BI99coHt
ID_HV0IEVV9,t_id_VP2NW7aV,t_id_DPYQnZyv,t_id_9GFmcOd5,t_id_MwnEYfqe,t_id_3fKmnkBS
ID_FHH8KV7Y,t_id_ROFhVsy2,t_id_mpuNp8mf,t_id_pCO59rOk,t_id_QqeoI5F3,t_id_15bo4NKD
ID_A37APG4Y,t_id_pCO59rOk,t_id_4ZfTUmwL,t_id_KysHzQQK,t_id_OqU1NWEA,t_id_G5JLzvai
ID_20504SDN,t_id_G5eoqwD8,t_id_DPYQnZyv,t_id_0DPPpRUz,t_id_d6aYXtor,t_id_HxxqrdTx
ID_DR7RLF1H,t_id_WDCMGvI4,t_id_2Yn71r7R,t_id_MwnEYfqe,t_id_dc6pjonY,t_id_EEbWq5Pj
ID_9QND2AON,t_id_2E8o5Jtl,t_id_dVQ4x3wz,t_id_ip3jsrYo,t_id_stWei2Uq,t_id_FBsGDJhU
ID_R5COBBSG,t_id_0g31STvR,t_id_VP2NW7aV,t_id_fxTQ5vHC,t_id_72SiiZCp,t_id_YjXYTCGC
ID_QDHDL1ZI,t_id_n2FBHk6d,t_id_tjWepji1,t_id_ifWwxWF4,t_id_hibDzPAP,t_id_ROFhVsy2
ID_77FA2BXL,t_id_Ts5LyVQz,t_id_ROFhVsy2,t_id_dVQ4x3wz,t_id_0DPPpRUz,t_id_BI99coHt
ID_VKZT59BA,t_id_15bo4NKD,t_id_m2JvEcsg,t_id_n2FBHk6d,t_id_fjHGjp1w,t_id_a4VYrmyA
ID_2AOPH31T,t_id_ZfvZBX4Q,t_id_qZ0iZYsC,t_id_uJXT7dGu,t_id_0g31STvR,t_id_pCO59rOk
ID_RCTYREJM,t_id_n2FBHk6d,t_id_fjHGjp1w,t_id_Kf73l69A,t_id_15bo4NKD,t_id_ROFhVsy2
ID_V1EQYX65,t_id_2E8o5Jtl,t_id_stWei2Uq,t_id_WDCMGvI4,t_id_uMOOrQu7,t_id_Kc1tXDbJ
ID_DUFNE5I9,t_id_D0gA44av,t_id_2E8o5Jtl,t_id_IP3xtKuX,t_id_g9Fz8PH7,t_id_dVQ4x3wz
ID_W0T2O0DI,t_id_9GFmcOd5,t_id_BI99coHt,t_id_D7NA71la,t_id_hRzOoJ2t,t_id_AOWArhGb
ID_8MAO3GOU,t_id_ifWwxWF4,t_id_4XiPKIk7,t_id_BXWccqAn,t_id_J5dngbNA,t_id_qZ0iZYsC
ID_CT9ZIPJP,t_id_G5eoqwD8,t_id_2QmcRkNj,t_id_X3bKBWYW,t_id_B7LaSiac,t_id_8b8sprYe
ID_1WLLDTXF,t_id_0g31STvR,t_id_Ts5LyVQz,t_id_YjXYTCGC,t_id_UVQa4BMz,t_id_mpuNp8mf
ID_485U3CW0,t_id_Ts5LyVQz,t_id_UVQa4BMz,t_id_ROFhVsy2,t_id_2E8o5Jtl,t_id_IP3xtKuX
ID_ARU8S98N,t_id_fjHGjp1w,t_id_Kf73l69A,t_id_Ts5LyVQz,t_id_utw0thCe,t_id_VP2NW7aV
ID_M8NJJ7UG,t_id_ROFhVsy2,t_id_Ts5LyVQz,t_id_15bo4NKD,t_id_BI99coHt,t_id_stWei2Uq
ID_PUKS0VXU,t_id_MwnEYfqe,t_id_uMOOrQu7,t_id_ZfvZBX4Q,t_id_dVQ4x3wz,t_id_dc6pjonY
ID_TWY6HA7A,t_id_Imm5pnNf,t_id_4XiPKIk7,t_id_D3kHUEgp,t_id_Dv4O8bOM,t_id_Lhp87PBX
ID_PONSQLSR,t_id_KysHzQQK,t_id_JI6ba2Yx,t_id_DbmclTcj,t_id_AMnriNb5,t_id_qZ0iZYsC
ID_FG5QI5CL,t_id_VP2NW7aV,t_id_9GFmcOd5,t_id_2QmcRkNj,t_id_uIlC9Gfo,t_id_e9i3Lbq4
ID_ZM5P7VES,t_id_YjXYTCGC,t_id_D3kHUEgp,t_id_Imm5pnNf,t_id_uVgs53Cz,t_id_smNwfXAT
ID_CBMO5MGC,t_id_fjHGjp1w,t_id_0g31STvR,t_id_Kf73l69A,t_id_qZ0iZYsC,t_id_1KIezxkh
ID_KEX5Q70L,t_id_YjXYTCGC,t_id_MwnEYfqe,t_id_IP3xtKuX,t_id_D0gA44av,t_id_0g31STvR
ID_696NH65C,t_id_G5eoqwD8,t_id_YjXYTCGC,t_id_ROFhVsy2,t_id_2QmcRkNj,t_id_OqU1NWEA
ID_0ZZ106YI,t_id_Kf73l69A,t_id_C0wevyOl,t_id_fjHGjp1w,t_id_72SiiZCp,t_id_Ts5LyVQz
ID_16C72WY8,t_id_ROFhVsy2,t_id_p77GDtzg,t_id_n2FBHk6d,t_id_iD9ikw6Y,t_id_IP1t15lD
ID_PR7V33YH,t_id_IlO9BOKc,t_id_BI99coHt,t_id_hRzOoJ2t,t_id_Ts5LyVQz,t_id_a4VYrmyA
ID_CACHMGD9,t_id_fjHGjp1w,t_id_BI99coHt,t_id_ZfvZBX4Q,t_id_QqeoI5F3,t_id_utw0thCe
ID_0ZLVZV64,t_id_qZ0iZYsC,t_id_WDCMGvI4,t_id_dVQ4x3wz,t_id_mXD9Bjsb,t_id_0g31STvR
ID_KMVNCC9D,t_id_IlO9BOKc,t_id_a4VYrmyA,t_id_pCO59rOk,t_id_dVQ4x3wz,t_id_utw0thCe
ID_A3OLVPPO,t_id_k1rScFLB,t_id_HxxqrdTx,t_id_IP1t15lD,t_id_J24awAHQ,t_id_n2FBHk6d
ID_NK0CBMRP,t_id_MwnEYfqe,t_id_IP3xtKuX,t_id_dVQ4x3wz,t_id_0g31STvR,t_id_D0gA44av
ID_57GGYVYI,t_id_YjXYTCGC,t_id_smNwfXAT,t_id_uVgs53Cz,t_id_hibDzPAP,t_id_Lhp87PBX
ID_LB57G1BI,t_id_1KIezxkh,t_id_UVQa4BMz,t_id_G5JLzvai,t_id_n2FBHk6d,t_id_15bo4NKD
ID_TLTWZUQ3,t_id_dVQ4x3wz,t_id_DPYQnZyv,t_id_B7LaSiac,t_id_BI99coHt,t_id_IlO9BOKc
ID_HYRN47J1,t_id_Kf73l69A,t_id_ROFhVsy2,t_id_VP2NW7aV,t_id_C0wevyOl,t_id_Ts5LyVQz
ID_PU73I42Q,t_id_hRzOoJ2t,t_id_3b65X5Lw,t_id_uMOOrQu7,t_id_KysHzQQK,t_id_2E8o5Jtl
ID_JTTR9MKI,t_id_15bo4NKD,t_id_a4VYrmyA,t_id_2E8o5Jtl,t_id_stWei2Uq,t_id_uJXT7dGu
ID_EFBTDYVD,t_id_dVQ4x3wz,t_id_MwnEYfqe,t_id_D0gA44av,t_id_BI99coHt,t_id_ksTLswDT
ID_9KYFWMCH,t_id_WXXcPTSW,t_id_ZfvZBX4Q,t_id_m2JvEcsg,t_id_BI99coHt,t_id_0DPPpRUz
ID_SYT8KTIW,t_id_2QmcRkNj,t_id_8b8sprYe,t_id_72SiiZCp,t_id_e9i3Lbq4,t_id_G5eoqwD8
ID_TS00EHA8,t_id_VP2NW7aV,t_id_DPYQnZyv,t_id_hRzOoJ2t,t_id_3fKmnkBS,t_id_qZ0iZYsC
ID_4EAUPFMG,t_id_stWei2Uq,t_id_gJaKYxBQ,t_id_IP1t15lD,t_id_KysHzQQK,t_id_GrxmyS59
ID_81BU1998,t_id_MwnEYfqe,t_id_a4VYrmyA,t_id_dVQ4x3wz,t_id_JI6ba2Yx,t_id_D0gA44av
ID_3JOR6PR0,t_id_uJXT7dGu,t_id_n2FBHk6d,t_id_pCO59rOk,t_id_8b8sprYe,t_id_G5JLzvai
ID_1QQLOMXJ,t_id_9GFmcOd5,t_id_AMnriNb5,t_id_mpuNp8mf,t_id_Ts5LyVQz,t_id_ROFhVsy2
ID_A73I6YZW,t_id_dVQ4x3wz,t_id_2E8o5Jtl,t_id_BI99coHt,t_id_ip3jsrYo,t_id_FBsGDJhU
ID_G0W5TY2O,t_id_VP2NW7aV,t_id_fxTQ5vHC,t_id_fjHGjp1w,t_id_SwQZGIpa,t_id_9GFmcOd5
ID_8JXWOB3O,t_id_B7LaSiac,t_id_dVQ4x3wz,t_id_niEvmwXu,t_id_BI99coHt,t_id_VFb44eFm
ID_0FEWYAAG,t_id_ROFhVsy2,t_id_YjXYTCGC,t_id_MwnEYfqe,t_id_Kc1tXDbJ,t_id_pCO59rOk
ID_1GRMWQGA,t_id_bYageLYA,t_id_EEbWq5Pj,t_id_mpuNp8mf,t_id_9GFmcOd5,t_id_a4VYrmyA
ID_SJDT6N6D,t_id_G5eoqwD8,t_id_2Yn71r7R,t_id_VP2NW7aV,t_id_bYageLYA,t_id_72SiiZCp
ID_9U92NWQ5,t_id_hRzOoJ2t,t_id_AMnriNb5,t_id_pCO59rOk,t_id_tjWepji1,t_id_uIlC9Gfo
ID_AB2H32O6,t_id_1KIezxkh,t_id_gGQbn7FA,t_id_GrxmyS59,t_id_Kf73l69A,t_id_J24awAHQ
ID_I47HWOM1,t_id_GrxmyS59,t_id_n2FBHk6d,t_id_ZfvZBX4Q,t_id_AOWArhGb,t_id_smNwfXAT
ID_88QW9FDR,t_id_ifWwxWF4,t_id_BXWccqAn,t_id_JI6ba2Yx,t_id_X3bKBWYW,t_id_7gFFZy7i
ID_0PMFJ5VC,t_id_ksTLswDT,t_id_15bo4NKD,t_id_fxTQ5vHC,t_id_a4VYrmyA,t_id_g9Fz8PH7
ID_EAKP0EF1,t_id_tjWepji1,t_id_hRzOoJ2t,t_id_VP2NW7aV,t_id_Ts5LyVQz,t_id_HxxqrdTx
ID_QOTGQA02,t_id_8b8sprYe,t_id_ip3jsrYo,t_id_WDCMGvI4,t_id_dVQ4x3wz,t_id_2QmcRkNj
ID_4DYYH9HV,t_id_n2FBHk6d,t_id_ROFhVsy2,t_id_fjHGjp1w,t_id_utw0thCe,t_id_15bo4NKD
ID_DN2I9RQU,t_id_stWei2Uq,t_id_IlO9BOKc,t_id_g9Fz8PH7,t_id_ksTLswDT,t_id_iD9ikw6Y
ID_R5K59ERA,t_id_DbmclTcj,t_id_0g31STvR,t_id_qZ0iZYsC,t_id_dVQ4x3wz,t_id_WDCMGvI4
ID_8QS8TGHW,t_id_G5eoqwD8,t_id_15bo4NKD,t_id_ROFhVsy2,t_id_HcnnlRda,t_id_Ts5LyVQz
ID_I5KOVDD1,t_id_dVQ4x3wz,t_id_MwnEYfqe,t_id_IP3xtKuX,t_id_YjXYTCGC,t_id_2E8o5Jtl
ID_7VHNLBWW,t_id_Kc1tXDbJ,t_id_B7LaSiac,t_id_KysHzQQK,t_id_p77GDtzg,t_id_GOIvCduN
ID_3YXBNU0T,t_id_HxxqrdTx,t_id_X3bKBWYW,t_id_tjWepji1,t_id_SwQZGIpa,t_id_MwnEYfqe
ID_WOIOL1YW,t_id_GrxmyS59,t_id_utw0thCe,t_id_fjHGjp1w,t_id_Ts5LyVQz,t_id_stWei2Uq
ID_1I97M6ZJ,t_id_uJXT7dGu,t_id_tjWepji1,t_id_pCO59rOk,t_id_YjXYTCGC,t_id_ROFhVsy2
ID_L1PF15TS,t_id_UVQa4BMz,t_id_VP2NW7aV,t_id_GrxmyS59,t_id_QqeoI5F3,t_id_1KIezxkh
ID_EDTAO694,t_id_0g31STvR,t_id_IlO9BOKc,t_id_1KIezxkh,t_id_3b65X5Lw,t_id_B7LaSiac
ID_0R1CZ413,t_id_0g31STvR,t_id_dVQ4x3wz,t_id_IP3xtKuX,t_id_2E8o5Jtl,t_id_72SiiZCp
ID_SFHBWJA3,t_id_Imm5pnNf,t_id_4XiPKIk7,t_id_uVgs53Cz,t_id_HxxqrdTx,t_id_Lhp87PBX
ID_P2H8HAYY,t_id_ROFhVsy2,t_id_IP1t15lD,t_id_DPYQnZyv,t_id_gJaKYxBQ,t_id_G5eoqwD8
ID_XNGATTLO,t_id_87CLFCvE,t_id_smNwfXAT,t_id_FBsGDJhU,t_id_ZfvZBX4Q,t_id_D3kHUEgp
ID_OXNBG77D,t_id_Lhp87PBX,t_id_uVgs53Cz,t_id_tjWepji1,t_id_k1rScFLB,t_id_hibDzPAP
ID_G0DMMAB3,t_id_hRzOoJ2t,t_id_EEbWq5Pj,t_id_HcnnlRda,t_id_VFb44eFm,t_id_ROFhVsy2
ID_XSABZQXX,t_id_uJXT7dGu,t_id_WDCMGvI4,t_id_a4VYrmyA,t_id_tjWepji1,t_id_JI6ba2Yx
ID_1VQC9OXH,t_id_EEbWq5Pj,t_id_C0wevyOl,t_id_utw0thCe,t_id_1KIezxkh,t_id_IlO9BOKc
ID_8SG313I0,t_id_G5eoqwD8,t_id_8b8sprYe,t_id_0DPPpRUz,t_id_WDCMGvI4,t_id_JI6ba2Yx
ID_M3B6U8J9,t_id_ROFhVsy2,t_id_stWei2Uq,t_id_0DPPpRUz,t_id_JI6ba2Yx,t_id_pCO59rOk
ID_0JPUIV8C,t_id_Kf73l69A,t_id_n2FBHk6d,t_id_72SiiZCp,t_id_fjHGjp1w,t_id_G5JLzvai
ID_LZTBKTJ4,t_id_fjHGjp1w,t_id_GrxmyS59,t_id_ZfvZBX4Q,t_id_ksTLswDT,t_id_3K93fQBS
ID_8ZGD76TT,t_id_2E8o5Jtl,t_id_YjXYTCGC,t_id_pCO59rOk,t_id_FBsGDJhU,t_id_ZfvZBX4Q
ID_O5KZVKEI,t_id_dVQ4x3wz,t_id_ksTLswDT,t_id_uMOOrQu7,t_id_WDCMGvI4,t_id_mXD9Bjsb
ID_6ZPXTS8G,t_id_stWei2Uq,t_id_DbmclTcj,t_id_KysHzQQK,t_id_uIlC9Gfo,t_id_SwQZGIpa
ID_HY4E3PCO,t_id_tjWepji1,t_id_HxxqrdTx,t_id_e9i3Lbq4,t_id_Ts5LyVQz,t_id_hRzOoJ2t
ID_MZ0FVYGF,t_id_VP2NW7aV,t_id_a4VYrmyA,t_id_fxTQ5vHC,t_id_qZ0iZYsC,t_id_IlO9BOKc
ID_CSUPCWQZ,t_id_YjXYTCGC,t_id_smNwfXAT,t_id_D3kHUEgp,t_id_Imm5pnNf,t_id_uVgs53Cz
ID_I8TDA321,t_id_stWei2Uq,t_id_dVQ4x3wz,t_id_G5eoqwD8,t_id_utw0thCe,t_id_JI6ba2Yx
ID_NAXYALTB,t_id_HxxqrdTx,t_id_ROFhVsy2,t_id_e9i3Lbq4,t_id_Kf73l69A,t_id_VP2NW7aV
ID_LIMHCFVJ,t_id_tjWepji1,t_id_9GFmcOd5,t_id_DPYQnZyv,t_id_ROFhVsy2,t_id_uJXT7dGu
ID_2DIANDAF,t_id_dVQ4x3wz,t_id_ip3jsrYo,t_id_qZ0iZYsC,t_id_GOIvCduN,t_id_bYageLYA
ID_9USQ0Y9C,t_id_VFb44eFm,t_id_ZfvZBX4Q,t_id_QqeoI5F3,t_id_m2JvEcsg,t_id_BI99coHt
ID_4FLCUHTJ,t_id_ROFhVsy2,t_id_pCO59rOk,t_id_G5JLzvai,t_id_Kc1tXDbJ,t_id_iD9ikw6Y
ID_IIO719UT,t_id_Ts5LyVQz,t_id_tjWepji1,t_id_ZfvZBX4Q,t_id_2E8o5Jtl,t_id_GrxmyS59
ID_JRTLBUJG,t_id_D7NA71la,t_id_ROFhVsy2,t_id_AMnriNb5,t_id_DPYQnZyv,t_id_WDCMGvI4
ID_CY0ILQNG,t_id_qZ0iZYsC,t_id_72SiiZCp,t_id_iZQiE7wb,t_id_GOIvCduN,t_id_dc6pjonY
ID_8OGV32FG,t_id_k1rScFLB,t_id_bYageLYA,t_id_HcnnlRda,t_id_8b8sprYe,t_id_SwQZGIpa
ID_ZIRWMQZI,t_id_3K93fQBS,t_id_G5eoqwD8,t_id_n2FBHk6d,t_id_dVQ4x3wz,t_id_uJXT7dGu
ID_3D4NR3LP,t_id_SwQZGIpa,t_id_DPYQnZyv,t_id_VP2NW7aV,t_id_fxTQ5vHC,t_id_0g31STvR
ID_EZRBHGG5,t_id_dVQ4x3wz,t_id_hRzOoJ2t,t_id_DPYQnZyv,t_id_IP3xtKuX,t_id_m2JvEcsg
ID_5A1I80A9,t_id_HxxqrdTx,t_id_9GFmcOd5,t_id_uIlC9Gfo,t_id_gz3whk0q,t_id_3fKmnkBS
ID_V1YPDSBS,t_id_a4VYrmyA,t_id_BI99coHt,t_id_g9Fz8PH7,t_id_ksTLswDT,t_id_3b65X5Lw
ID_IYOKYJOL,t_id_D3kHUEgp,t_id_hibDzPAP,t_id_Dv4O8bOM,t_id_Lhp87PBX,t_id_Imm5pnNf
ID_I1UGBAUJ,t_id_Lhp87PBX,t_id_4XiPKIk7,t_id_D3kHUEgp,t_id_uVgs53Cz,t_id_Dv4O8bOM
ID_V8C9OWTE,t_id_m2JvEcsg,t_id_hRzOoJ2t,t_id_AMnriNb5,t_id_VP2NW7aV,t_id_tjWepji1
ID_QLXVGBJC,t_id_a4VYrmyA,t_id_uJXT7dGu,t_id_qZ0iZYsC,t_id_ROFhVsy2,t_id_ksTLswDT
ID_GD3JUJ1U,t_id_qZ0iZYsC,t_id_72SiiZCp,t_id_VP2NW7aV,t_id_e9i3Lbq4,t_id_DbmclTcj
ID_7F9YMMNM,t_id_GrxmyS59,t_id_ZfvZBX4Q,t_id_3K93fQBS,t_id_1KIezxkh,t_id_C0wevyOl
ID_J21TSO5H,t_id_JI6ba2Yx,t_id_2E8o5Jtl,t_id_8b8sprYe,t_id_MwnEYfqe,t_id_IP3xtKuX
ID_T0WAKOQS,t_id_J24awAHQ,t_id_tjWepji1,t_id_IlO9BOKc,t_id_9GFmcOd5,t_id_uIlC9Gfo
ID_WJI7S7RK,t_id_dVQ4x3wz,t_id_Ts5LyVQz,t_id_8b8sprYe,t_id_15bo4NKD,t_id_uJXT7dGu
ID_R0SLZ485,t_id_ip3jsrYo,t_id_B7LaSiac,t_id_GOIvCduN,t_id_VFb44eFm,t_id_EEbWq5Pj
ID_PCW91DZH,t_id_ksTLswDT,t_id_Ts5LyVQz,t_id_BI99coHt,t_id_a4VYrmyA,t_id_tjWepji1
ID_UBQ7W3XI,t_id_0g31STvR,t_id_uJXT7dGu,t_id_NW7wn8TC,t_id_WDCMGvI4,t_id_G5JLzvai
ID_NZMXO5D7,t_id_GrxmyS59,t_id_n2FBHk6d,t_id_ZfvZBX4Q,t_id_fxTQ5vHC,t_id_UVQa4BMz
ID_I8AJZV9J,t_id_MwnEYfqe,t_id_D0gA44av,t_id_72SiiZCp,t_id_hRzOoJ2t,t_id_IP3xtKuX
ID_UGX8AY96,t_id_Kf73l69A,t_id_uIlC9Gfo,t_id_utw0thCe,t_id_D7NA71la,t_id_AOWArhGb
ID_FQKQBF24,t_id_hRzOoJ2t,t_id_0g31STvR,t_id_qZ0iZYsC,t_id_bYageLYA,t_id_EEbWq5Pj
ID_WGUXKJA9,t_id_SwQZGIpa,t_id_BI99coHt,t_id_JI6ba2Yx,t_id_DbmclTcj,t_id_Ts5LyVQz
ID_9QM1Z4FH,t_id_VP2NW7aV,t_id_72SiiZCp,t_id_8b8sprYe,t_id_qZ0iZYsC,t_id_9GFmcOd5
ID_G1VAX278,t_id_VFb44eFm,t_id_qZ0iZYsC,t_id_2E8o5Jtl,t_id_pCO59rOk,t_id_niEvmwXu
ID_1QZ9V3C6,t_id_GrxmyS59,t_id_G5JLzvai,t_id_m2JvEcsg,t_id_UVQa4BMz,t_id_IlO9BOKc
ID_LBRQU9F4,t_id_WXXcPTSW,t_id_0DPPpRUz,t_id_n2FBHk6d,t_id_3b65X5Lw,t_id_1KIezxkh
ID_KC7MMGQZ,t_id_ROFhVsy2,t_id_Kc1tXDbJ,t_id_15bo4NKD,t_id_gJaKYxBQ,t_id_0DPPpRUz
ID_27D1FDUE,t_id_MwnEYfqe,t_id_a4VYrmyA,t_id_dVQ4x3wz,t_id_mXD9Bjsb,t_id_YjXYTCGC
ID_S8GF3S6B,t_id_fxTQ5vHC,t_id_0g31STvR,t_id_uJXT7dGu,t_id_hRzOoJ2t,t_id_D3kHUEgp
ID_G5S2G6IF,t_id_utw0thCe,t_id_15bo4NKD,t_id_BI99coHt,t_id_IlO9BOKc,t_id_NW7wn8TC
ID_GB6204PA,t_id_tjWepji1,t_id_IlO9BOKc,t_id_3b65X5Lw,t_id_2E8o5Jtl,t_id_KysHzQQK
ID_SDQ4JSBE,t_id_HxxqrdTx,t_id_9GFmcOd5,t_id_AOWArhGb,t_id_Ts5LyVQz,t_id_bYageLYA
ID_X2YOA9CP,t_id_m2JvEcsg,t_id_stWei2Uq,t_id_D7NA71la,t_id_AMnriNb5,t_id_G5eoqwD8
ID_MJ1YO8HC,t_id_8b8sprYe,t_id_WDCMGvI4,t_id_dVQ4x3wz,t_id_MwnEYfqe,t_id_J5dngbNA
ID_EANV0XFO,t_id_dVQ4x3wz,t_id_a4VYrmyA,t_id_MwnEYfqe,t_id_AMnriNb5,t_id_FBsGDJhU
ID_QGA22C67,t_id_MwnEYfqe,t_id_D0gA44av,t_id_ip3jsrYo,t_id_hRzOoJ2t,t_id_ROFhVsy2
ID_KRLNSNPQ,t_id_uJXT7dGu,t_id_tjWepji1,t_id_ROFhVsy2,t_id_HxxqrdTx,t_id_YjXYTCGC
ID_3TMKJ7UO,t_id_uIlC9Gfo,t_id_0DPPpRUz,t_id_ROFhVsy2,t_id_D7NA71la,t_id_9GFmcOd5
ID_Y1JSLBRW,t_id_JI6ba2Yx,t_id_G5eoqwD8,t_id_DbmclTcj,t_id_dVQ4x3wz,t_id_dc6pjonY
ID_67RTWS1G,t_id_utw0thCe,t_id_hRzOoJ2t,t_id_VP2NW7aV,t_id_3fKmnkBS,t_id_72SiiZCp
ID_WKA4JRLO,t_id_0g31STvR,t_id_dVQ4x3wz,t_id_WDCMGvI4,t_id_dc6pjonY,t_id_qZ0iZYsC
ID_IJK84ZVF,t_id_dVQ4x3wz,t_id_JI6ba2Yx,t_id_ip3jsrYo,t_id_15bo4NKD,t_id_D0gA44av
ID_CGDFMY8F,t_id_m2JvEcsg,t_id_ZfvZBX4Q,t_id_G5JLzvai,t_id_GrxmyS59,t_id_mpuNp8mf
ID_SFTMYU43,t_id_GrxmyS59,t_id_hRzOoJ2t,t_id_stWei2Uq,t_id_bYageLYA,t_id_QqeoI5F3
ID_UOBVL0OG,t_id_VP2NW7aV,t_id_tjWepji1,t_id_dVQ4x3wz,t_id_Ts5LyVQz,t_id_HxxqrdTx
ID_ETGWDJAF,t_id_Kf73l69A,t_id_ROFhVsy2,t_id_8b8sprYe,t_id_G5JLzvai,t_id_AOWArhGb
ID_39AK3C6W,t_id_qZ0iZYsC,t_id_WDCMGvI4,t_id_hRzOoJ2t,t_id_mXD9Bjsb,t_id_iZQiE7wb
ID_N63KO8Q5,t_id_DPYQnZyv,t_id_2E8o5Jtl,t_id_dhdJMT1K,t_id_Kc1tXDbJ,t_id_uJXT7dGu
ID_MPPP5DIP,t_id_JI6ba2Yx,t_id_YjXYTCGC,t_id_D0gA44av,t_id_p77GDtzg,t_id_3fKmnkBS
ID_YX21M6GH,t_id_n2FBHk6d,t_id_1KIezxkh,t_id_IlO9BOKc,t_id_BI99coHt,t_id_15bo4NKD
ID_DIV0ZAFE,t_id_uJXT7dGu,t_id_dVQ4x3wz,t_id_a4VYrmyA,t_id_MwnEYfqe,t_id_ROFhVsy2
ID_J78H8CV0,t_id_fxTQ5vHC,t_id_iZQiE7wb,t_id_a4VYrmyA,t_id_MwnEYfqe,t_id_0g31STvR
ID_O6MDGOY5,t_id_GrxmyS59,t_id_YjXYTCGC,t_id_n2FBHk6d,t_id_UVQa4BMz,t_id_0g31STvR
ID_CBV2UV0N,t_id_IP3xtKuX,t_id_iZQiE7wb,t_id_hRzOoJ2t,t_id_d6aYXtor,t_id_FBsGDJhU
ID_FTN7Q9KK,t_id_MwnEYfqe,t_id_dVQ4x3wz,t_id_a4VYrmyA,t_id_JI6ba2Yx,t_id_g9Fz8PH7
ID_DR85U462,t_id_G5JLzvai,t_id_D7NA71la,t_id_n2FBHk6d,t_id_Kf73l69A,t_id_hibDzPAP
ID_FG0YB293,t_id_G5eoqwD8,t_id_bYageLYA,t_id_ip3jsrYo,t_id_KysHzQQK,t_id_3b65X5Lw
ID_3QP1M0SV,t_id_ROFhVsy2,t_id_MwnEYfqe,t_id_Ts5LyVQz,t_id_D0gA44av,t_id_YjXYTCGC
ID_RVIXW7WD,t_id_dVQ4x3wz,t_id_DPYQnZyv,t_id_BI99coHt,t_id_WXXcPTSW,t_id_3fKmnkBS
ID_2SRMHDMB,t_id_HxxqrdTx,t_id_8b8sprYe,t_id_Kf73l69A,t_id_9GFmcOd5,t_id_AOWArhGb
ID_ULWJ1QQO,t_id_3K93fQBS,t_id_gJaKYxBQ,t_id_GrxmyS59,t_id_niEvmwXu,t_id_pCO59rOk
ID_Z5ZAAK4C,t_id_8b8sprYe,t_id_JI6ba2Yx,t_id_3fKmnkBS,t_id_C0wevyOl,t_id_SwQZGIpa
ID_OYQRHE05,t_id_0g31STvR,t_id_ZfvZBX4Q,t_id_qZ0iZYsC,t_id_iD9ikw6Y,t_id_VFb44eFm
ID_6TJ1T9M6,t_id_tjWepji1,t_id_AMnriNb5,t_id_hRzOoJ2t,t_id_VP2NW7aV,t_id_9GFmcOd5
ID_YLQGSM8R,t_id_Ts5LyVQz,t_id_hRzOoJ2t,t_id_VP2NW7aV,t_id_tjWepji1,t_id_MwnEYfqe
ID_UH6YW0Y2,t_id_3K93fQBS,t_id_9GFmcOd5,t_id_m2JvEcsg,t_id_G5eoqwD8,t_id_bYageLYA
ID_S7ZI1OWP,t_id_uJXT7dGu,t_id_8b8sprYe,t_id_uMOOrQu7,t_id_n2FBHk6d,t_id_EEbWq5Pj
ID_XIRJX5NH,t_id_stWei2Uq,t_id_B7LaSiac,t_id_d6aYXtor,t_id_BI99coHt,t_id_VFb44eFm
ID_AHNWHYH0,t_id_uJXT7dGu,t_id_pCO59rOk,t_id_tjWepji1,t_id_utw0thCe,t_id_0g31STvR
ID_I4RD06S5,t_id_VP2NW7aV,t_id_HxxqrdTx,t_id_72SiiZCp,t_id_bYageLYA,t_id_dc6pjonY
ID_MXNZD6KM,t_id_ROFhVsy2,t_id_UVQa4BMz,t_id_n2FBHk6d,t_id_YjXYTCGC,t_id_Ts5LyVQz
ID_PGWDV5W2,t_id_JI6ba2Yx,t_id_m2JvEcsg,t_id_hRzOoJ2t,t_id_dVQ4x3wz,t_id_qZ0iZYsC
ID_YM9782TT,t_id_D7NA71la,t_id_dVQ4x3wz,t_id_WXXcPTSW,t_id_3b65X5Lw,t_id_BI99coHt
ID_LXAS710U,t_id_tjWepji1,t_id_9GFmcOd5,t_id_D0gA44av,t_id_dVQ4x3wz,t_id_MwnEYfqe
ID_S3Z30L53,t_id_4XiPKIk7,t_id_hibDzPAP,t_id_87CLFCvE,t_id_smNwfXAT,t_id_Imm5pnNf
ID_Z7JF79I1,t_id_HxxqrdTx,t_id_AOWArhGb,t_id_HcnnlRda,t_id_QqeoI5F3,t_id_bYageLYA
ID_L1GPVDW1,t_id_hRzOoJ2t,t_id_BI99coHt,t_id_qZ0iZYsC,t_id_dVQ4x3wz,t_id_iZQiE7wb
ID_HI0A8M9M,t_id_UVQa4BMz,t_id_tjWepji1,t_id_e9i3Lbq4,t_id_m2JvEcsg,t_id_fjHGjp1w
ID_8DNWZF53,t_id_uVgs53Cz,t_id_4XiPKIk7,t_id_Imm5pnNf,t_id_87CLFCvE,t_id_hibDzPAP
ID_BNL4NFX6,t_id_dc6pjonY,t_id_fxTQ5vHC,t_id_15bo4NKD,t_id_JI6ba2Yx,t_id_G5JLzvai
ID_ETURMLYT,t_id_dVQ4x3wz,t_id_DPYQnZyv,t_id_utw0thCe,t_id_BI99coHt,t_id_B7LaSiac
ID_3HOF2LHI,t_id_2E8o5Jtl,t_id_Kc1tXDbJ,t_id_D0gA44av,t_id_pCO59rOk,t_id_2Yn71r7R
ID_PGSEOC9T,t_id_n2FBHk6d,t_id_GrxmyS59,t_id_UVQa4BMz,t_id_e9i3Lbq4,t_id_YjXYTCGC
ID_ZLTVLT00,t_id_G5eoqwD8,t_id_2QmcRkNj,t_id_8b8sprYe,t_id_JI6ba2Yx,t_id_a4VYrmyA
ID_92E3YP62,t_id_72SiiZCp,t_id_uJXT7dGu,t_id_DPYQnZyv,t_id_Kf73l69A,t_id_8b8sprYe
ID_BG5PSJ90,t_id_BI99coHt,t_id_niEvmwXu,t_id_3b65X5Lw,t_id_IlO9BOKc,t_id_qZ0iZYsC
ID_B5ZX1OZ8,t_id_gJaKYxBQ,t_id_G5eoqwD8,t_id_KysHzQQK,t_id_0DPPpRUz,t_id_mpuNp8mf
ID_NBBH0WWD,t_id_ROFhVsy2,t_id_15bo4NKD,t_id_gJaKYxBQ,t_id_g9Fz8PH7,t_id_a4VYrmyA
ID_BW04T8ZD,t_id_4XiPKIk7,t_id_hibDzPAP,t_id_smNwfXAT,t_id_D3kHUEgp,t_id_ifWwxWF4
ID_52NCW5OF,t_id_9GFmcOd5,t_id_YjXYTCGC,t_id_tjWepji1,t_id_hRzOoJ2t,t_id_0g31STvR
ID_TQ4VFUVU,t_id_utw0thCe,t_id_DPYQnZyv,t_id_8b8sprYe,t_id_Kf73l69A,t_id_Ts5LyVQz
ID_TTK3BI30,t_id_MwnEYfqe,t_id_dVQ4x3wz,t_id_JI6ba2Yx,t_id_D0gA44av,t_id_IP3xtKuX
ID_7VAHR2AZ,t_id_dVQ4x3wz,t_id_0g31STvR,t_id_WDCMGvI4,t_id_MwnEYfqe,t_id_ZfvZBX4Q
ID_CM94F8M8,t_id_8b8sprYe,t_id_n2FBHk6d,t_id_BI99coHt,t_id_72SiiZCp,t_id_0DPPpRUz
ID_VB19RNO2,t_id_dVQ4x3wz,t_id_2E8o5Jtl,t_id_BI99coHt,t_id_iZQiE7wb,t_id_hRzOoJ2t
ID_G310RDY8,t_id_uJXT7dGu,t_id_YjXYTCGC,t_id_MwnEYfqe,t_id_IP3xtKuX,t_id_IlO9BOKc
ID_HFH87WNJ,t_id_qZ0iZYsC,t_id_0g31STvR,t_id_QqeoI5F3,t_id_mXD9Bjsb,t_id_J5dngbNA
ID_36WYUS1Y,t_id_fjHGjp1w,t_id_fxTQ5vHC,t_id_1KIezxkh,t_id_ZfvZBX4Q,t_id_C0wevyOl
ID_VI00UJNO,t_id_ROFhVsy2,t_id_a4VYrmyA,t_id_2E8o5Jtl,t_id_mpuNp8mf,t_id_JI6ba2Yx
ID_310S9R4H,t_id_Lhp87PBX,t_id_k1rScFLB,t_id_IP1t15lD,t_id_X3bKBWYW,t_id_gz3whk0q
ID_7MWWWXAE,t_id_ZfvZBX4Q,t_id_ksTLswDT,t_id_EEbWq5Pj,t_id_a4VYrmyA,t_id_iZQiE7wb
ID_39S2TVXS,t_id_fjHGjp1w,t_id_QqeoI5F3,t_id_J24awAHQ,t_id_k1rScFLB,t_id_AOWArhGb
ID_1QD3CYJJ,t_id_MwnEYfqe,t_id_dc6pjonY,t_id_JI6ba2Yx,t_id_bYageLYA,t_id_Kc1tXDbJ
ID_W2VRV6I6,t_id_Dv4O8bOM,t_id_D3kHUEgp,t_id_hibDzPAP,t_id_4XiPKIk7,t_id_Lhp87PBX
ID_0G5XPLOI,t_id_72SiiZCp,t_id_hRzOoJ2t,t_id_dVQ4x3wz,t_id_8b8sprYe,t_id_9GFmcOd5
ID_29EXX43U,t_id_IlO9BOKc,t_id_4ZfTUmwL,t_id_0DPPpRUz,t_id_tjWepji1,t_id_Kf73l69A
ID_40IVJYN9,t_id_ifWwxWF4,t_id_UVQa4BMz,t_id_YjXYTCGC,t_id_mpuNp8mf,t_id_pCO59rOk
ID_4D70I24L,t_id_DPYQnZyv,t_id_uJXT7dGu,t_id_G5eoqwD8,t_id_VFb44eFm,t_id_WDCMGvI4
ID_JEN9XQ8T,t_id_m2JvEcsg,t_id_D7NA71la,t_id_fjHGjp1w,t_id_QqeoI5F3,t_id_ZfvZBX4Q
ID_1C2IOPP2,t_id_pCO59rOk,t_id_IlO9BOKc,t_id_G5JLzvai,t_id_DPYQnZyv,t_id_fxTQ5vHC
ID_64954F4Y,t_id_utw0thCe,t_id_D7NA71la,t_id_0DPPpRUz,t_id_NW7wn8TC,t_id_m2JvEcsg
ID_NLPH35PZ,t_id_X3bKBWYW,t_id_mpuNp8mf,t_id_ifWwxWF4,t_id_e9i3Lbq4,t_id_uIlC9Gfo
ID_Z4557RZR,t_id_WDCMGvI4,t_id_mXD9Bjsb,t_id_m2JvEcsg,t_id_ZfvZBX4Q,t_id_G5eoqwD8
ID_HTABWK50,t_id_JI6ba2Yx,t_id_dVQ4x3wz,t_id_YjXYTCGC,t_id_a4VYrmyA,t_id_uJXT7dGu
ID_HOIQH0RE,t_id_VP2NW7aV,t_id_e9i3Lbq4,t_id_9GFmcOd5,t_id_3fKmnkBS,t_id_72SiiZCp
ID_3F9DGTHR,t_id_MwnEYfqe,t_id_D0gA44av,t_id_IP3xtKuX,t_id_2E8o5Jtl,t_id_dVQ4x3wz
ID_4V2X1HHM,t_id_hRzOoJ2t,t_id_DPYQnZyv,t_id_dVQ4x3wz,t_id_m2JvEcsg,t_id_IP3xtKuX
ID_4XE7Z3TB,t_id_DPYQnZyv,t_id_m2JvEcsg,t_id_utw0thCe,t_id_bYageLYA,t_id_stWei2Uq
ID_S21KQ3LT,t_id_D3kHUEgp,t_id_hibDzPAP,t_id_smNwfXAT,t_id_4XiPKIk7,t_id_uVgs53Cz
ID_UIM7VXDN,t_id_k1rScFLB,t_id_mXD9Bjsb,t_id_IP1t15lD,t_id_DbmclTcj,t_id_gz3whk0q
ID_6LPZ60PN,t_id_MwnEYfqe,t_id_Kc1tXDbJ,t_id_8b8sprYe,t_id_B7LaSiac,t_id_G5eoqwD8
ID_SXKCXBM2,t_id_tjWepji1,t_id_a4VYrmyA,t_id_ROFhVsy2,t_id_uIlC9Gfo,t_id_MwnEYfqe
ID_2VBB1CZC,t_id_fjHGjp1w,t_id_AOWArhGb,t_id_Kf73l69A,t_id_9GFmcOd5,t_id_G5JLzvai
ID_T8KZ2XNK,t_id_dVQ4x3wz,t_id_pCO59rOk,t_id_3K93fQBS,t_id_9GFmcOd5,t_id_G5JLzvai
ID_BU3U6T7J,t_id_D3kHUEgp,t_id_4XiPKIk7,t_id_Imm5pnNf,t_id_Dv4O8bOM,t_id_Lhp87PBX
ID_XU2KRN9K,t_id_Ts5LyVQz,t_id_AOWArhGb,t_id_DPYQnZyv,t_id_3fKmnkBS,t_id_e9i3Lbq4
ID_J53QMCMV,t_id_72SiiZCp,t_id_2E8o5Jtl,t_id_NW7wn8TC,t_id_8b8sprYe,t_id_VP2NW7aV
ID_Z92905LB,t_id_SwQZGIpa,t_id_ROFhVsy2,t_id_ZfvZBX4Q,t_id_uJXT7dGu,t_id_3K93fQBS
ID_7HZIUHFW,t_id_tjWepji1,t_id_ksTLswDT,t_id_hRzOoJ2t,t_id_HxxqrdTx,t_id_n2FBHk6d
ID_NEOUAOLF,t_id_BI99coHt,t_id_stWei2Uq,t_id_WXXcPTSW,t_id_D7NA71la,t_id_DbmclTcj
ID_QCMQ1C6B,t_id_fxTQ5vHC,t_id_G5JLzvai,t_id_fjHGjp1w,t_id_a4VYrmyA,t_id_BXWccqAn
ID_R9P29DNH,t_id_JI6ba2Yx,t_id_ROFhVsy2,t_id_YjXYTCGC,t_id_2QmcRkNj,t_id_p77GDtzg
ID_UOZSRWRK,t_id_D0gA44av,t_id_MwnEYfqe,t_id_GOIvCduN,t_id_0g31STvR,t_id_B7LaSiac
ID_7KV2BNYN,t_id_tjWepji1,t_id_VP2NW7aV,t_id_HxxqrdTx,t_id_e9i3Lbq4,t_id_9GFmcOd5
ID_2R3189P4,t_id_VFb44eFm,t_id_Kc1tXDbJ,t_id_ip3jsrYo,t_id_WDCMGvI4,t_id_D7NA71la
ID_JS3VKHBR,t_id_hRzOoJ2t,t_id_fjHGjp1w,t_id_ZfvZBX4Q,t_id_GrxmyS59,t_id_qZ0iZYsC
ID_YQ21M71Q,t_id_G5eoqwD8,t_id_gJaKYxBQ,t_id_ROFhVsy2,t_id_AMnriNb5,t_id_0DPPpRUz
ID_6E5B35TW,t_id_DPYQnZyv,t_id_2E8o5Jtl,t_id_pCO59rOk,t_id_JI6ba2Yx,t_id_IlO9BOKc
ID_JBF2JN7U,t_id_dVQ4x3wz,t_id_IlO9BOKc,t_id_C0wevyOl,t_id_3K93fQBS,t_id_m2JvEcsg
ID_XNF9I8RF,t_id_hibDzPAP,t_id_uVgs53Cz,t_id_Imm5pnNf,t_id_smNwfXAT,t_id_4XiPKIk7
ID_YQZE6YD5,t_id_BXWccqAn,t_id_tjWepji1,t_id_2E8o5Jtl,t_id_ifWwxWF4,t_id_mXD9Bjsb
ID_5MCBLFFZ,t_id_Imm5pnNf,t_id_Lhp87PBX,t_id_Dv4O8bOM,t_id_87CLFCvE,t_id_D3kHUEgp
ID_MNYC27JW,t_id_dVQ4x3wz,t_id_uJXT7dGu,t_id_9GFmcOd5,t_id_pCO59rOk,t_id_qZ0iZYsC
ID_LBM7L3Y2,t_id_Kf73l69A,t_id_8b8sprYe,t_id_fjHGjp1w,t_id_9GFmcOd5,t_id_AOWArhGb
ID_QTQPP39F,t_id_ROFhVsy2,t_id_e9i3Lbq4,t_id_VP2NW7aV,t_id_hRzOoJ2t,t_id_HxxqrdTx
ID_DTOB4CU6,t_id_IlO9BOKc,t_id_n2FBHk6d,t_id_D7NA71la,t_id_WXXcPTSW,t_id_4ZfTUmwL
ID_GBQJDCEF,t_id_m2JvEcsg,t_id_QqeoI5F3,t_id_1KIezxkh,t_id_C0wevyOl,t_id_UVQa4BMz
ID_HTTD8AAP,t_id_G5eoqwD8,t_id_JI6ba2Yx,t_id_DPYQnZyv,t_id_2E8o5Jtl,t_id_p77GDtzg
ID_MMR65A9I,t_id_QqeoI5F3,t_id_Kf73l69A,t_id_uJXT7dGu,t_id_D0gA44av,t_id_YjXYTCGC
ID_BAPD7HFN,t_id_Ts5LyVQz,t_id_IlO9BOKc,t_id_BI99coHt,t_id_NW7wn8TC,t_id_a4VYrmyA
ID_5QFXBSK1,t_id_m2JvEcsg,t_id_hibDzPAP,t_id_3K93fQBS,t_id_gGQbn7FA,t_id_OqU1NWEA
ID_FBZVJ9F7,t_id_J24awAHQ,t_id_mpuNp8mf,t_id_ROFhVsy2,t_id_e9i3Lbq4,t_id_GOIvCduN
ID_AZ68JU25,t_id_WDCMGvI4,t_id_IlO9BOKc,t_id_B7LaSiac,t_id_IP3xtKuX,t_id_pCO59rOk
ID_3DDH689Y,t_id_2QmcRkNj,t_id_JI6ba2Yx,t_id_dVQ4x3wz,t_id_HxxqrdTx,t_id_8b8sprYe
ID_ZMV66T7A,t_id_Ts5LyVQz,t_id_mpuNp8mf,t_id_MwnEYfqe,t_id_dVQ4x3wz,t_id_tjWepji1
ID_9C9VZEZ6,t_id_VP2NW7aV,t_id_IP3xtKuX,t_id_hRzOoJ2t,t_id_qZ0iZYsC,t_id_utw0thCe
ID_Q5ZX99KY,t_id_3fKmnkBS,t_id_e9i3Lbq4,t_id_0g31STvR,t_id_tjWepji1,t_id_Ts5LyVQz
ID_VWYAT5CT,t_id_Ts5LyVQz,t_id_hRzOoJ2t,t_id_MwnEYfqe,t_id_tjWepji1,t_id_2E8o5Jtl
ID_SW2Q9XST,t_id_fjHGjp1w,t_id_9GFmcOd5,t_id_0g31STvR,t_id_ROFhVsy2,t_id_VP2NW7aV
ID_WH61TU07,t_id_AOWArhGb,t_id_Kf73l69A,t_id_8b8sprYe,t_id_fjHGjp1w,t_id_B7LaSiac
ID_5YOITJXI,t_id_2E8o5Jtl,t_id_3b65X5Lw,t_id_uJXT7dGu,t_id_AMnriNb5,t_id_DPYQnZyv
ID_UKJFMIQS,t_id_Kc1tXDbJ,t_id_2E8o5Jtl,t_id_WDCMGvI4,t_id_gJaKYxBQ,t_id_dc6pjonY
ID_2YVTHHDU,t_id_HxxqrdTx,t_id_VP2NW7aV,t_id_8b8sprYe,t_id_72SiiZCp,t_id_tjWepji1
ID_DWHU2DJV,t_id_ROFhVsy2,t_id_g9Fz8PH7,t_id_JI6ba2Yx,t_id_ksTLswDT,t_id_dVQ4x3wz
ID_50KXLLPO,t_id_72SiiZCp,t_id_QqeoI5F3,t_id_e9i3Lbq4,t_id_mXD9Bjsb,t_id_MwnEYfqe
ID_QON5CVDD,t_id_ROFhVsy2,t_id_3b65X5Lw,t_id_WDCMGvI4,t_id_AMnriNb5,t_id_fjHGjp1w
ID_M3EA8WF0,t_id_gJaKYxBQ,t_id_Kc1tXDbJ,t_id_G5eoqwD8,t_id_stWei2Uq,t_id_ROFhVsy2
ID_EYPXTVQG,t_id_87CLFCvE,t_id_4XiPKIk7,t_id_Imm5pnNf,t_id_smNwfXAT,t_id_hibDzPAP
ID_O3UNWHQF,t_id_VP2NW7aV,t_id_fxTQ5vHC,t_id_fjHGjp1w,t_id_hRzOoJ2t,t_id_dVQ4x3wz
ID_IIRVUXL1,t_id_G5eoqwD8,t_id_2E8o5Jtl,t_id_dVQ4x3wz,t_id_JI6ba2Yx,t_id_SwQZGIpa
ID_327SPUHU,t_id_hRzOoJ2t,t_id_2E8o5Jtl,t_id_WXXcPTSW,t_id_dVQ4x3wz,t_id_FBsGDJhU
ID_04DSD8ZP,t_id_fxTQ5vHC,t_id_0g31STvR,t_id_a4VYrmyA,t_id_dc6pjonY,t_id_15bo4NKD
ID_IH3SF328,t_id_3fKmnkBS,t_id_NW7wn8TC,t_id_9GFmcOd5,t_id_HcnnlRda,t_id_7gFFZy7i
ID_UYRUCXRY,t_id_hRzOoJ2t,t_id_a4VYrmyA,t_id_g9Fz8PH7,t_id_m2JvEcsg,t_id_EEbWq5Pj
ID_5L9I1181,t_id_tjWepji1,t_id_15bo4NKD,t_id_Ts5LyVQz,t_id_SwQZGIpa,t_id_BXWccqAn
ID_0X8BLZE2,t_id_ksTLswDT,t_id_YjXYTCGC,t_id_g9Fz8PH7,t_id_AMnriNb5,t_id_D0gA44av
ID_7OJYXUW9,t_id_JI6ba2Yx,t_id_WDCMGvI4,t_id_DbmclTcj,t_id_p77GDtzg,t_id_AMnriNb5
ID_E3O7DM07,t_id_0g31STvR,t_id_qZ0iZYsC,t_id_pCO59rOk,t_id_fjHGjp1w,t_id_n2FBHk6d
ID_CF47BBHY,t_id_1KIezxkh,t_id_Kf73l69A,t_id_8b8sprYe,t_id_n2FBHk6d,t_id_DPYQnZyv
ID_LZHYRJLG,t_id_Ts5LyVQz,t_id_JI6ba2Yx,t_id_BI99coHt,t_id_DPYQnZyv,t_id_dVQ4x3wz
ID_VIDYX36G,t_id_n2FBHk6d,t_id_smNwfXAT,t_id_GrxmyS59,t_id_FBsGDJhU,t_id_YjXYTCGC
ID_XJPQ1SUH,t_id_HxxqrdTx,t_id_9GFmcOd5,t_id_HcnnlRda,t_id_Ts5LyVQz,t_id_C0wevyOl
ID_1QNBFJ6G,t_id_D3kHUEgp,t_id_YjXYTCGC,t_id_Imm5pnNf,t_id_Lhp87PBX,t_id_hibDzPAP
ID_YZ3HZD7O,t_id_D7NA71la,t_id_ip3jsrYo,t_id_BI99coHt,t_id_VFb44eFm,t_id_QqeoI5F3
ID_OEEA273Q,t_id_VP2NW7aV,t_id_Kf73l69A,t_id_AOWArhGb,t_id_8b8sprYe,t_id_3fKmnkBS
ID_GBPQLHX6,t_id_YjXYTCGC,t_id_fxTQ5vHC,t_id_IP3xtKuX,t_id_tjWepji1,t_id_0g31STvR
ID_DPBQHVWG,t_id_3b65X5Lw,t_id_9GFmcOd5,t_id_WDCMGvI4,t_id_EEbWq5Pj,t_id_ROFhVsy2
ID_15CKMYLQ,t_id_J5dngbNA,t_id_iD9ikw6Y,t_id_4XiPKIk7,t_id_J24awAHQ,t_id_gGQbn7FA
ID_KA8QLCZY,t_id_AOWArhGb,t_id_tjWepji1,t_id_HxxqrdTx,t_id_9GFmcOd5,t_id_Ts5LyVQz
ID_1M2IDQRP,t_id_uJXT7dGu,t_id_15bo4NKD,t_id_D0gA44av,t_id_mXD9Bjsb,t_id_ksTLswDT
ID_PZO51CHH,t_id_ROFhVsy2,t_id_m2JvEcsg,t_id_3K93fQBS,t_id_ksTLswDT,t_id_D0gA44av
ID_QVRWHL2B,t_id_dVQ4x3wz,t_id_BI99coHt,t_id_DPYQnZyv,t_id_stWei2Uq,t_id_JI6ba2Yx
ID_K3U05V92,t_id_YjXYTCGC,t_id_G5JLzvai,t_id_GrxmyS59,t_id_a4VYrmyA,t_id_UVQa4BMz
ID_XAIWRZ7F,t_id_0g31STvR,t_id_DbmclTcj,t_id_3b65X5Lw,t_id_dc6pjonY,t_id_DPYQnZyv
ID_C0LZKLIO,t_id_8b8sprYe,t_id_G5eoqwD8,t_id_AOWArhGb,t_id_gz3whk0q,t_id_2Yn71r7R
ID_UQGYG3J2,t_id_AOWArhGb,t_id_fjHGjp1w,t_id_n2FBHk6d,t_id_gz3whk0q,t_id_HxxqrdTx
ID_ZXB8UFLV,t_id_BI99coHt,t_id_dVQ4x3wz,t_id_ksTLswDT,t_id_pCO59rOk,t_id_uJXT7dGu
ID_Q5CEH2QJ,t_id_YjXYTCGC,t_id_D0gA44av,t_id_uJXT7dGu,t_id_AMnriNb5,t_id_ROFhVsy2
ID_SB66VEQ2,t_id_k1rScFLB,t_id_Ts5LyVQz,t_id_a4VYrmyA,t_id_mpuNp8mf,t_id_IP1t15lD
ID_FIJTL3U4,t_id_Kf73l69A,t_id_IlO9BOKc,t_id_3K93fQBS,t_id_ZfvZBX4Q,t_id_m2JvEcsg
ID_YK0XBRPG,t_id_UVQa4BMz,t_id_fjHGjp1w,t_id_D3kHUEgp,t_id_e9i3Lbq4,t_id_GrxmyS59
ID_4EMWO90D,t_id_VP2NW7aV,t_id_HxxqrdTx,t_id_e9i3Lbq4,t_id_Kf73l69A,t_id_X3bKBWYW
ID_9HSZRTNP,t_id_dVQ4x3wz,t_id_BI99coHt,t_id_KysHzQQK,t_id_uMOOrQu7,t_id_WDCMGvI4
ID_Q94QNJ2U,t_id_hRzOoJ2t,t_id_IlO9BOKc,t_id_VP2NW7aV,t_id_3b65X5Lw,t_id_stWei2Uq
ID_1J2Q76LB,t_id_a4VYrmyA,t_id_tjWepji1,t_id_fxTQ5vHC,t_id_mpuNp8mf,t_id_ksTLswDT
ID_Q3V3YG96,t_id_Ts5LyVQz,t_id_2E8o5Jtl,t_id_fxTQ5vHC,t_id_DPYQnZyv,t_id_AOWArhGb
ID_D8E6TH8Y,t_id_VP2NW7aV,t_id_hRzOoJ2t,t_id_Kf73l69A,t_id_SwQZGIpa,t_id_fjHGjp1w
ID_YJRDKTLI,t_id_0g31STvR,t_id_dVQ4x3wz,t_id_a4VYrmyA,t_id_uIlC9Gfo,t_id_BXWccqAn
ID_BM6EA9OY,t_id_tjWepji1,t_id_e9i3Lbq4,t_id_ROFhVsy2,t_id_HxxqrdTx,t_id_9GFmcOd5
ID_0RVNUKK1,t_id_2Yn71r7R,t_id_8b8sprYe,t_id_AOWArhGb,t_id_72SiiZCp,t_id_utw0thCe
ID_6405IKG3,t_id_87CLFCvE,t_id_smNwfXAT,t_id_Imm5pnNf,t_id_Lhp87PBX,t_id_D3kHUEgp
ID_6WVPVB7S,t_id_VFb44eFm,t_id_pCO59rOk,t_id_iD9ikw6Y,t_id_MwnEYfqe,t_id_2QmcRkNj
ID_47C5LL2G,t_id_ROFhVsy2,t_id_dVQ4x3wz,t_id_HxxqrdTx,t_id_8b8sprYe,t_id_0DPPpRUz
ID_HZP6EJAK,t_id_mpuNp8mf,t_id_ZfvZBX4Q,t_id_fxTQ5vHC,t_id_KysHzQQK,t_id_4ZfTUmwL
